Country,Title,Price,Discount,Rating,Number of Ratings
UK,Apple,449.0,0,4.7,3632
UK,Apple,739.0,0,4.5,209
UK,Apple,639.0,0,4.6,4577
UK,"Apple iPhone 13, 128GB, Midnight - (Renewed)",290.0,0,4.0,747
UK,"Apple iPhone 12, 64GB, Black (Renewed)",193.0,0,4.0,10389
UK,Apple,1129.0,0,4.5,244
UK,Apple,599.0,0,4.0,10
UK,Apple,,0,4.6,7151
UK,Apple,949.0,0,4.3,301
UK,"Apple iPhone 14, 128GB, Midnight - (Renewed)",369.66,0,4.1,737
UK,"Apple iPhone 11, 64GB, Black (Renewed)",177.69,0,4.2,4024
UK,Apple,,0,4.5,3817
UK,"Apple iPhone 13, 128GB, Starlight - (Renewed)",310.74,0,4.1,176
UK,"Apple iPhone 14 Pro, 128GB, Deep Purple - (Renewed)",469.95,0,4.0,738
UK,"Apple iPhone 13, 128GB, Pink - (Renewed)",305.99,0,4.2,378
UK,"Apple iPhone 12 Pro, 128GB, Pacific Blue - (Renewed)",282.04,0,4.0,6502
India,"iPhone 16 128 GB: 5G Mobile Phone with Camera Control, A18 Chip and a Big Boost in Battery Life. Works with AirPods; Black",73900.0,8,4.4,413
India,"iPhone 16 Pro 128 GB: 5G Mobile Phone with Camera Control, 4K 120 fps Dolby Vision and a Huge Leap in Battery Life. Works with AirPods; Natural Titanium",112900.0,6,4.3,174
India,"iPhone 16 Pro 256 GB: 5G Mobile Phone with Camera Control, 4K 120 fps Dolby Vision and a Huge Leap in Battery Life. Works with AirPods; Black Titanium",122900.0,5,4.3,174
India,Apple iPhone 15 (128 GB) - Black,61500.0,23,4.5,3172
India,"iPhone 16 256 GB: 5G Mobile Phone with Camera Control, A18 Chip and a Big Boost in Battery Life. Works with AirPods; Black",84400.0,6,4.4,413
India,Apple iPhone 15 (128 GB) - Pink,61900.0,11,4.5,3172
India,Apple iPhone 15 (128 GB) - Blue,61900.0,23,4.5,3172
India,"iPhone 16 128 GB: 5G Mobile Phone with Camera Control, A18 Chip and a Big Boost in Battery Life. Works with AirPods; Ultramarine",73400.0,8,4.4,413
India,Apple iPhone 13 (128GB) - Blue,44999.0,25,4.5,33131
India,Apple iPhone 15 (128 GB) - Green,62400.0,22,4.5,3172
India,"iPhone 16 128 GB: 5G Mobile Phone with Camera Control, A18 Chip and a Big Boost in Battery Life. Works with AirPods; Pink",73900.0,8,4.4,413
India,"iPhone 16 Pro Max 256 GB: 5G Mobile Phone with Camera Control, 4K 120 fps Dolby Vision and a Huge Leap in Battery Life. Works with AirPods; Desert Titanium",137900.0,5,4.3,159
India,Apple iPhone 15 (256 GB) - Black,71900.0,10,4.5,3172
India,"iPhone 16e 128 GB: Built for Apple Intelligence, A18 Chip, Supersized Battery Life, 48MP Fusion. Camera, 15.40 cm (6.1″) Super Retina XDR Display; Black",58400.0,3,4.1,33
India,"iPhone 16 128 GB: 5G Mobile Phone with Camera Control, A18 Chip and a Big Boost in Battery Life. Works with AirPods; Teal",73400.0,18,4.4,413
India,Apple iPhone 15 Plus (128 GB) - Black,72900.0,9,4.6,1319
US,"Apple iPhone 13, 128GB, Pink - Unlocked (Renewed)",319.95,0,4.0,15056
US,"Apple iPhone 11, 64GB, Black - Unlocked (Renewed)",199.0,0,4.2,55448
US,"Apple iPhone 14 Pro, 128GB, Space Black - Unlocked (Renewed)",478.26,0,4.0,3259
US,"Apple iPhone 13, 128GB, Midnight - Unlocked (Renewed Premium)",372.97,0,4.3,1708
US,"Apple iPhone 12, 128GB, Blue - Fully Unlocked (Renewed)",242.6,0,4.1,29333
US,"Apple iPhone 14, 128GB, Midnight - Unlocked (Renewed)",347.99,0,4.1,4335
US,"Screen Replacement for iPhone 15 Pro Max 6.7', 3D Touch Display Full Repair kit, Digitizer Assembly with Tools Set, Tempered Glass, Instruction",94.99,10,4.2,1324
US,"Apple iPhone 12 Mini, 64GB, Blue - Unlocked (Renewed)",190.86,0,4.0,15306
US,"Apple iPhone 13 Pro, 128GB, Graphite - Unlocked (Renewed)",374.99,0,4.1,5972
US,"Apple iPhone SE (2nd Generation), US Version, 64GB, White - Unlocked (Renewed)",108.14,0,4.2,20254
US,"Apple iPhone 15 Pro Max, 256GB, Natural Titanium - Unlocked (Renewed)",829.97,0,3.9,941
US,"Apple iPhone 15, 128GB, Black - Unlocked (Renewed Premium)",554.99,0,4.2,301
US,"Apple iPhone XR, 64GB, Black - Unlocked (Renewed)",158.8,0,4.4,66023
US,"Apple iPhone 12 Pro, 128GB, Pacific Blue - Fully Unlocked (Renewed)",304.99,0,4.1,11584
US,Apple iPhone 7 32GB Unlocked AT&T/T-Mobile - Silver,79.99,0,4.0,157
US,"Apple iPhone 14 Plus, 128GB, Midnight - Unlocked (Renewed)",413.99,0,4.2,1991
DE,"Apple iPhone 13, 128GB, Mitternacht - (Generalüberholt)",34999.0,0,,0
DE,"Apple iPhone 16 128 GB: 5G Handy mit Kamerasteuerung, A18 Chip und einem echten Boost für die Batterie. Funktioniert mit AirPods, Schwarz",84900.0,0,,0
DE,Apple iPhone 15 (128 GB) - Schwarz,76390.0,0,,0
DE,"Apple iPhone 12, 64GB, Schwarz - (Generalüberholt)",25900.0,0,,0
DE,"iPhone 16e 128 GB: Entwickelt für Apple Intelligence, A18 Chip, Gigantische Batterielaufzeit, 48 MP Fusion Kamera, 6,1"" Super Retina XDR Display, Schwarz",68900.0,0,,0
DE,Apple iPhone 13 (128 GB) - Mitternacht,58900.0,0,,0
DE,"Apple iPhone SE 2. Generation, 64GB, Schwarz (Generalüberholt)",13788.0,0,,0
DE,"Apple iPhone 11, 64GB, Schwarz (Generalüberholt)",19642.0,0,,0
DE,"Apple iPhone 12 mini, 128GB, Schwarz - (Generalüberholt)",23012.0,0,,0
DE,"Apple iPhone 16 Pro 128 GB: 5G Handy mit Kamerasteuerung, 4K 120 fps Dolby Vision und einem großen Sprung bei der Batterielaufzeit. Funktioniert mit AirPods, Titan Natur",1.04252,0,,0
DE,"Apple iPhone XR, 64GB - Schwarz (Generalüberholt)",18289.0,0,,0
DE,"Apple iPhone 12 Pro, 256GB, Graphit - (Generalüberholt)",39900.0,0,,0
DE,"Apple AirTag - Finde und behalte Deine Sachen im Blick: Schlüssel, Geldbörsen, Gepäck, Rucksäcke und mehr. Einfaches Einrichten mit iPhone oder iPad. Austauschbare Batterie",2989.0,0,,0
DE,Apple iPhone 14 128GB - Mitternacht (Generalüberholt),45100.0,0,,0
DE,Apple iPhone 13 128GB - Mitternacht (Generalüberholt),33988.0,0,,0
DE,"Apple iPhone 13 Pro, 128GB, Graphit - (Generalüberholt)",45999.0,0,,0
FR,Apple iPhone 16 Pro Max (256 Go) - Titane Sable + Coque Transparente avec MagSafe,,0,,745
FR,"NEW'C Lot de 2, Verre Trempé pour iPhone 11 et iPhone XR, Film Protection écran - Sans Bulles d'air -Ultra Résistant (0,33mm HD Ultra Transparent) Dureté 9H Glass",537.0,0,,100130
FR,"Lot de 2 pour Chargeur Rapide iPhone, 20W PD USB-C Prise Secteur avec 2m Câble USB C vers Lightning pour iPhone 14/14 pro/13/13 Pro/13 Pro Max/13 Min",1383.0,0,,1122
FR,"NEW'C Lot de 2, Verre Trempé pour iPhone 12, 12 Pro (6,1 Pouces), Film Protection écran -sans Bulles d'air -Ultra Résistant (0,33mm HD Ultra Transparent) Dureté 9H Glass",595.0,0,,21437
FR,"NEW'C Lot de 3, Verre Trempé Anti-Espion pour iPhone 14, iPhone 13, iPhone 13 Pro (6,1 Pouces), Angle de Confidentialité 28 Degrés Amélioré, Dureté Ultra-Résistante 9H, Sans Bulles",895.0,0,,2375
FR,"NEW'C Lot de 2, Verre Trempé pour iPhone 11 Pro et iPhone X et iPhone XS (5,8 Pouces), Film Protection écran sans Bulles d'air Ultra Résistant (0,33mm HD Ultra Transparent) Dureté 9H Glass",595.0,0,,11575
FR,"JETech Coque Magnétique pour iPhone 15 6,1 Pouces Compatible avec MagSafe, Etui Translucide Mat Arrière Housse Fine Antichoc (Noir)",1599.0,0,,5896
FR,"Chargeur Rapide for iPhone 14/14/Pro/14 Pro Max/14 Plus/13 12 11 SE XR X XS 8, 30W USBC Charger Prise Secteur Type C Alimentation USB C Adaptateur et 2M Cable",1099.0,54,,52
FR,"JETech Coque en Silicone pour iPhone 13 6,1 Pouces, étui de Protection Complète du Corps au Toucher Soyeux, Housse Doublure Douce en Tissu Microfibre, Anti-Chocs (Noir)",1139.0,0,,11649
FR,"Ecran iPhone 13 6.1'', Écran iphone 13 LCD Complet Replacement, Écran iphone 13 Tactile 3D Numériseur Assemblage Complet Cadre étanche Autocollant, Protège-écran",2925.0,5,,588
FR,"INIU Batterie Externe, 22.5W 10000mAh Power Bank, Batterie Portable USB C Input & Output PD3.0 QC4.0 Charge Rapide Powerbank Compatible avec iPhone 16 15 14 13 12 Pro Max Plus Samsung iPad Pro etc",,0,,26049
FR,UGREEN MagFlow Chargeur Induction iPhone 2 en 1 Qi 15W Compatible avec MagSafe iPhone 16 Plus Pro Max 15 14 13 12 Mini AirPods 4 3 2 Pro Chargeur sans Fil Magnétique Rapide Pliable Angle Réglable,2659.0,10,,1768
FR,"Chargeur Rapide iPhone 13 14, Apple Certified 20W USB C Chargeur iPhone avec câble de Charge Original Lightning 2m Cable Compatible avec iPhone 14 13 12 11 Plus Pro Max SE XR XS X iPad",881.0,54,,2191
FR,Apple Iphone Xr 64Go Noir (Reconditionné),17900.0,0,,10513
FR,Apple iPhone 11 64GB Noir (Reconditionné),19500.0,0,,3994
FR,"Apple iPhone 12, 128Go, Noir - (Reconditionné)",27900.0,0,,11515
FR,"JETech Coque pour iPhone 13 6,1 Pouces, Anti-Jaunissement étui de Protection Transparente Antichoc, Housse Anti-Rayures (HD Clair)",999.0,0,,44602
FR,"NEW'C Kit de 4, 2 x Verre Trempé pour iPhone 16 Pro Max (6,9 Pouces) et 2 x Protection Caméra Arrière - Anti Rayures - sans Bulles d'air -Ultra Résistant - Dureté 9H Glass",795.0,0,,40512
FR,"NEW'C Lot de 2, Verre Trempé pour iPhone 12 Mini (5,4 Pouces), Film Protection écran -sans Bulles d'air -Ultra Résistant (0,33mm HD Ultra Transparent) Dureté 9H Glass",595.0,0,,7995
FR,"EXW Chargeur sans Fil pour iphone 15W,Rapide Chargeur Mag-Safe,magnétique Chargeur sans Fil,Chargeur Induction Compatible avec iPhone 16/15/14/13/12/11/AirPods 2/3/pro(Blanc)",1099.0,0,,590
FR,"Chargeur Rapide pour iPhone 16/16 Pro/16 Pro Max/16 Plus/15/15 Pro/15 Pro Max/15 Plus/iPad P ro/iPad Air, Prise Adaptateur Secteur Embout USB C 27 W avec Câble USB-C 2M",1399.0,35,,830
FR,"Apple Chargeur MogSafe,iPhone Rapide Chargeur magnétique 15W, Chargeur Induction Compatible avec iPhone 14/14 Plus/14 Pro/14 Pro Max/15/16/13/12/11/X/XS/SE/XR/AirPods Pro 2",1089.0,0,,18820
FR,"Chargeur Rapide pour iPhone 14/14 Pro/14 Pro Max/14 Plus/13 12 11 SE Mini X XS XR 8, Prise Adaptateur Secteur Embout USB C 25W et 2M Cable Secteur",1199.0,35,,735
FR,"Ecouteurs pour iPhone 11,Casque pour iPhone 12,Casque antibruit filaires stéréo HiFi avec Micro et contrôle du Volume intégrés,Compatible avec iPhone 13/13 Pro/12/12Pro/11/11Pro/X/XS/SE/XR/8Plus/7Plus",999.0,0,,4
FR,"JETech Coque Mate pour iPhone 16 Pro 6,3 Pouces, Protection Antichoc de Qualité Militaire Contre Les Chutes, Étui Housse Arrière Translucide Givrée, Anti-Traces de Doigts (Titane Sable)",1199.0,0,,558
FR,"JETech Protection D'écran Anti-Espion à Couverture Complète pour iPhone 16e 2025, iPhone 13/13 Pro 6,1 Pouces, Film en Verre Trempé, Compatible Coque, Lot de 2",1138.0,0,,15006
FR,"JETech Protection D'écran pour iPhone 16e 2025, iPhone 13/13 Pro 6,1 Pouces, Film en Verre Trempé, Lot de 3",699.0,54,,42413
FR,"IDISON Cable iPhone Lot de 5,Cable Lightning 2m 2m 3m 1m 1m,Chargeur iPhone Long Certifié MFI,Cable iPhone usb Fil iPhone Tressé Nylon Compatible avec iPhone 13/12/11/Pro Max/XS/XR/X/8/7/7Plus/6s/6/SE",949.0,0,,16582
FR,"NEW'C Lot de 3, Verre Trempé pour iPhone 16 Plus, iPhone 15 Pro Max, iPhone 15 Plus (6,7 Pouces), Film Protection écran sans Bulles d'air Ultra Résistant (0,33mm HD Ultra Transparent) Dureté 9H Glass",695.0,0,,213178
FR,"JETech Coque pour iPhone 14 6,1 Pouces, Anti-Jaunissement Étui de Protection Antichoc, Housse Anti-Rayures Dos Transparente (Transparente)",949.0,0,,13561
FR,"Chargeur iPhone, Chargeur Rapide iPhone 20W avec Câble iPhone 2M, Chargeur iPhone Rapide, Chargeur USB C pour iPhone 14/13/ 12/11/ X/ 8/7",1599.0,0,,2518
FR,"FNTCASE Coque pour iPhone 13 : iPhone 14 iPhone 16e - Protection magnétique Militaire Contre Les Chutes - Anti-jaunissement - Coque de Protection Robuste et Durable résistante aux Chocs - 6,1""",793.0,50,,3321
FR,LISEN Rétractable Chargeur Voiture USB C Accessoire Voiture Interieur 69W Chargeur Allume Cigare 12v USB C Cadeau Homme Femme Voyage Accessoires Pâques Cadeau Fete des Meres pour iPhone 16 Android,2421.0,35,,511
FR,"JETech Protection d'Écran pour iPhone 12/12 Pro 6,1 Pouces, Film en Verre Trempé, Lot de 3",698.0,54,,71420
FR,"Chargeur iphone Rapide, certifié Apple MFi 20W Chargeur Rapide USB c pour iphone avec 2m Câble USB C pour Apple iPhone 14/14Pro/13/13 Mini/13 Pro/13 Pro Max/12/12 Pro/12 Pro Max/11/11 Pro/11 Pro Max",1298.0,54,,1204
FR,"JETech Protection D'écran pour iPhone 16e 2025, iPhone 14 6,1 Pouces, Film en Verre Trempé, Lot de 3",699.0,0,,9726
FR,Batterie Externe for Magsafe sans Fil - Compatible avec iPhone 16 15 14 13 12 Séries et Samsung Magnétique Power Bank 10000mAh Induction Petite Mini Portable Charge Rapide Chargeur Liverchy,,0,,365
FR,"JETech Coque Mate pour iPhone 16e 6,1 Pouces 2025, Protection Antichoc de Qualité Militaire Contre Les Chutes, Étui Housse Arrière Translucide Givrée, Anti-Traces de Doigts (Noir)",1199.0,0,,95
FR,"JETech Coque pour iPhone 15 6,1 Pouces, Anti-Jaunissement Étui de Protection Antichoc, Housse Anti-Rayures Dos Transparente (Transparente)",949.0,0,,6413
FR,"JETech Coque pour iPhone 11 (2019) 6,1"", Anti-Jaunissement Shock-Absorption et Anti-Rayures, Housse Transparente Antichoc (HD Clair)",999.0,0,,85824
FR,"Chargeur iPhone, 20W Chargeur Rapide iPhone et 2M Câble pour iPhone 14/14 Plus/14 Pro/14 Pro MAX/13/12/ 11/ X/8/7/ Pad, USB C Chargeur iPhone Rapide (Blanc)",1099.0,0,,489
FR,"EXW Écran LCD iPhone 13 6.1"" Écran iPhone 13 Tactile De Réparation Complet + Protecteur D'écran + Adhésif Étanche",2959.0,0,,685
FR,"Mini Batterie Externe pour iPhone 5200mAh, Power Bank Ultra-Compact et Léger 20W PD Charge Rapide Chargeur Externe avec Écran LCD, Petit Batterie Portable Compatible avec iPohone 14/13/12/11/XR/X/8/SE",,0,,2045
FR,"JETech Protection D'écran pour iPhone 16 Pro 6,3 Pouces avec Protecteur d'Objectif Caméra, Outil d'Installation Facile, Film en Verre Trempé, Transparent HD, Lot de 2 Chacun",799.0,0,,12717
FR,"XTCASE Coque pour iPhone 13 Magnétique Compatible avec MagSafe, Étui Mat Translucide Minimaliste, PC Dur Housse Arrière Anti-Rayures + TPU Bumper Antichoc - Noir",999.0,0,,4452
FR,"JETech Coque Mate pour iPhone 16 6,1 Pouces, Protection Antichoc de Qualité Militaire Contre Les Chutes, Étui Housse Arrière Translucide Givrée, Anti-Traces de Doigts (Noir)",1199.0,0,,862
FR,"JETech Protection d'Écran pour iPhone 11/XR 6,1 Pouces Film en Verre Trempé, Lot de 3",698.0,54,,35003
FR,"Lot de 2 adaptateurs pour écouteurs iPhone [certifié Apple MFi] - Lightning vers Jack 3,5 mm - Câble Jack Accessoires Kompatibel avec iPhone 14/13/12/11/Xs/XR/X/8/7 für Alle iOS",999.0,0,,974
IT,Apple iPhone 13 128GB - Azzurro (Ricondizionato),33800.0,0,,0
IT,Apple iPhone 15 (128 GB) - nero,71900.0,0,,0
IT,"Apple iPhone 16 128 GB: Telefono 5G con Controllo fotocamera, chip A18 e tanta autonomia in più. Compatibile con AirPods; Blu oltremare",77900.0,0,,0
IT,"Apple iPhone 12, 128GB, Nero - (Ricondizionato)",27100.0,0,,0
IT,"iPhone 16e 128 GB: progettato per Apple Intelligence, con chip A18, un’autonomia grandiosa, fotocamera Fusion da 48MP e display Super Retina XDR 6,1""; Nero",69900.0,0,,0
IT,"Apple iPhone 12 mini, all carriers, 128GB, Azzurro - (Ricondizionato)",22750.0,0,,0
IT,Apple iPhone XR 64GB - Nero (Ricondizionato),18289.0,0,,0
IT,Apple iPhone 13 128GB - Mezzanotte (Ricondizionato),33600.0,0,,0
IT,"Apple iPhone 16 Pro Max 256 GB: Telefono 5G con Controllo fotocamera, Dolby Vision 4K a 120 fps e un’autonomia senza precedenti. Compatibile con AirPods; Titanio nero",1.279,0,,0
IT,"Apple iPhone 14 Pro, 128GB, Deep Purple - (Ricondizionato)",60050.0,0,,0
IT,"Apple iPhone 12 Pro, all carriers, 256GB, Graphite - (Ricondizionato)",34000.0,0,,0
IT,Apple iPhone 15 Pro (512 GB) - Titan Natur,69900.0,0,,0
IT,"Apple iPhone 16 Pro 128 GB: Telefono 5G con Controllo fotocamera, Dolby Vision 4K a 120 fps e un’autonomia senza precedenti. Compatibile con AirPods; Titanio nero",1.099,0,,0
IT,Apple iPhone 13 Pro Max 256GB - Azzurro Sierra (Ricondizionato),56900.0,0,,0
IT,"Apple iPhone 13 Pro, 128GB, Grafite - (Ricondizionato)",45200.0,0,,0
IT,"Apple iPhone 14 Pro, 256GB, Deep Purple - (Ricondizionato)",64150.0,0,,0
IT,Apple iPhone 15 128GB - Nero (Ricondizionato),58200.0,0,,0
IT,Novità Apple iPhone 12 Pro Max (128GB) - Grafite (Ricondizionato),47350.0,0,,0
IT,"Apple iPhone 11, 64GB, Nero (Ricondizionato)",20140.0,0,,0
IT,Apple iPhone SE 2a Gen 64GB - Bianco (Ricondizionato),13660.0,0,,0
IT,"Apple iPhone SE 3a Gen 64GB, Mezzanotte (Ricondizionato)",27400.0,0,,0
IT,"Apple iPhone 13 Mini, 128GB, Mezzanotte - (Ricondizionato)",31999.0,0,,0
IT,Apple iPhone 11 128GB Bianco (Ricondizionato),23000.0,0,,0
IT,Apple iPhone XR 64GB - Nero (Ricondizionato),14990.0,0,,0
IT,Apple iPhone 15 Pro Max 512GB - Titanio Nero (Ricondizionato),1.099,0,,0
IT,"Apple iPhone 14, 256GB, (PRODUCT) Red - (Ricondizionato)",50850.0,0,,0
IT,"Apple iPhone 16 Plus 128 GB: Telefono 5G con Controllo fotocamera, chip A18 e tanta autonomia in più. Compatibile con AirPods; Nero",99900.0,0,,0
IT,Apple iPhone 14 (128 GB) - Azzurro,74500.0,0,,0
IT,Apple iPhone 13 Mini 128GB - Verde (Ricondizionato),30900.0,0,,0
IT,Apple iPhone XS 64GB - Grigio Siderale (Ricondizionato),19400.0,0,,0
IT,Apple iPhone 11 Pro all carriers 256GB Grigio Siderale (Ricondizionato),28800.0,0,,0
IT,Apple iPhone 13 (128 GB) - Mezzanotte,,0,,0
IT,Apple iPhone 13 15.5 cm (6.1) Dual SIM iOS 15 5G 128 GB Black,62900.0,0,,0
IT,Apple iPhone 11 128GB - Viola - Sbloccato (Ricondizionato),25599.0,0,,0
IT,Apple iPhone SE 3rd Gen 64GB - Mezzanotte (Ricondizionato),24400.0,0,,0
IT,Apple iPhone 13 128GB - (PRODUCT)RED (Ricondizionato),33500.0,0,,0
IT,Apple AirPods (terza generazione) con custodia di ricarica Lightning ​​​​​​​,13500.0,0,,0
IT,Swarovski High Collezione Custodia per smartphone,7100.0,0,,0
IT,"Popglory Smartwatch Uomo Donna, 2 cinturini Orologio Chiamate e Whatsapp, Contapassi Assistente Vocale, Orologio Digitale 24H Cardiofrequenzimetro, Pressione Sanguigna SpO2 Sonno, per Android iOS",4510.0,0,,0
IT,"Vefsna MFi Certified Chiavetta USB 3.0 512GB per iPhone, Lightning Pen Drive Penna 3 in 1 Photostick Chiave USB Type C USB C di Memoria Backup, per iPhone,iPad, Android, Mac, PC Rosa chiaro",4599.0,0,,0
IT,"Swarovski High Custodia per Smartphone, con Superficie Ricoperta di CristalliSwarovski, Compatibile con iPhone 14",7921.0,0,,0
IT,"Smart Watch per uomini, Fitness Tracker con schermo completo da 1,9'' HD, Smartwatch impermeabile IP67 con frequenza cardiaca, pressione sanguigna e ossigeno, monitor del sonno per Android e iPhone",4320.0,0,,0
IT,"AOGUERBE Power Bank con Magsafe, 10000mAh Powerbank Magnetico, Caricatore Wireless Portatile PD 22.5W Ricarica Rapida, Batteria Esterna con Bracket per iPhone 16/15/14/13/12/Mini/Pro/Pro Max",2999.0,50,,0
IT,"Jubolion Microfono Lavalier Wireless per iPhone/Android/PC (Lightning/USBC/USBA), 2 Pack LED Display Mini Microfono Bluetooth con Mute/Reverb/Riduzione del Rumore per TikTok/YouTube/Vlog (J3)",2599.0,5,,0
IT,"ESR Portafoglio MagSafe (HaloLock), Compatibile con Il MagSafe Wallet, Supporto per 3 Carte, Pelle Vegana, Supporto Regolabile, per iPhone Serie 16/15/14/13/12, Non per 13/12 Mini, Nero",2564.0,0,,0
IT,"WATOE 3 in 1 Caricatore Wireless Stazione, 18W Ricarica Rapida Wireless Phone Charger Stand per iPhone16/15/14/13/12/11/Pro/Max/Plus/XS/XR/X, per Apple Watch 10/9/8/7/6/SE/5/4/3 per AirPods 4/3/2/Pro",2549.0,0,,0
IT,"Sinjimoru Porta carte per MagSafe con impugnatura, porta carte magnetico per la custodia posteriore compatibile con iPhone serie 16-12. M-Band",2699.0,0,,0
IT,"LL TRADER Display per iPhone 11 Pro LCD 5.8"" di ricambio per schermo touch screen 3D Touch Digitizer kit di montaggio e riparazione (modelli A2160, A2217, A2215)",2699.0,0,,0
ES,"Apple iPhone 13, 128GB, Negro Noche - (Reacondicionado)",33400.0,0,,0
ES,"Apple iPhone 16e de 128 GB: Diseñado para Apple Intelligence, Chip A18, autonomía a raudales, cámara Fusion de 48 Mpx, Pantalla Super Retina XDR de 6,1 Pulgadas — Negro",65900.0,0,,0
ES,Apple iPhone 15 (128 GB) - Negro,72800.0,0,,0
ES,Apple iPhone XR 64GB - Negro (Reacondicionado),18289.0,0,,0
ES,"Apple iPhone 16 de 128 GB: Smartphone 5G con Control de Cámara, Chip A18 y un subidón en autonomía. Compatible con los AirPods; Azul Ultramar",82450.0,0,,0
ES,"Apple iPhone 12, 128GB, Negro - (Reacondicionado)",27895.0,0,,0
ES,"Apple iPhone 14 Pro, 128GB, Morado - (Reacondicionado)",60900.0,0,,0
ES,Apple iPhone 13 128GB - Negro (Reacondicionado),33700.0,0,,0
ES,Apple iPhone 15 128 GB - Negro (Reacondicionado),59400.0,0,,0
ES,"Apple iPhone 16 Pro MAX de 256 GB: Smartphone 5G con Control de Cámara, grabación en 4K a 120 f/s con Dolby Vision y un Gran Salto en autonomía. Compatible con los AirPods; Titanio Negro",1.34,0,,0
ES,Apple iPhone 14 (128 GB) - Malva,65000.0,0,,0
ES,"Apple iPhone 11, 64GB, Negro (Reacondicionado)",20899.0,0,,0
ES,Apple iPhone 13 128GB - Rosa (Reacondicionado),49400.0,0,,0
ES,"Apple iPhone 13 Pro MAX, 256GB - Azul Alpino (Reacondicionado)",57700.0,0,,0
ES,"Apple iPhone 12 Pro, 128GB, Grafito - (Reacondicionado)",35540.0,0,,0
ES,"Apple iPhone 14, 128GB, Blanco Estrella - (Reacondicionado)",47849.0,0,,0
ES,"Apple iPhone 16 Pro de 256 GB: Smartphone 5G con Control de Cámara, grabación en 4K a 120 f/s con Dolby Vision y un Gran Salto en autonomía. Compatible con los AirPods; Titanio Negro",1.226,0,,0
ES,Apple iPhone 13 Pro 128GB - Azul Alpino (Reacondicionado),47742.0,0,,0
ES,"Apple iPhone 12 mini, 128GB, Blanco - (Reacondicionado)",23999.0,0,,0
ES,Apple iPhone 15 Pro MAX (256 GB) - Titanio Azul,1.23,0,,0
ES,"Apple iPhone 11 Pro, 256GB, Gris Espacial (Reacondicionado)",29900.0,0,,0
ES,Apple iPhone 15 Plus (128 GB) - Negro,81900.0,0,,0
ES,Apple iPhone 11 128GB - Negro - Desbloqueado (Reacondicionado),24990.0,0,,0
ES,Tel Apple iPhone 13 128GB (Pol,55000.0,0,,0
ES,"Apple iPhone 13 Mini, 128GB, Negro Noche - (Reacondicionado)",31900.0,0,,0
ES,Apple iPhone 13 128GB - Verde (Reacondicionado),34900.0,0,,0
ES,"Apple iPhone 14, 256 GB, Amarillo (Reacondicionado)",49900.0,0,,0
ES,Apple iPhone XR 64 GB - Rojo (Reacondicionado),19318.0,0,,0
ES,"Smartphone Apple iPhone 14 Pro Plateado 512 GB 6,1""",1.61372,0,,0
ES,Apple iPhone 15 Pro 128 GB - Titanio Azul (Reacondicionado),87600.0,0,,0
ES,"Smartphone Apple iPhone 15 Pro MAX 6,7"" A17 Pro 512 GB Titanio",3.17839,0,,0
ES,Apple iPhone 13 (128 GB) - en Medianoche,52900.0,0,,0
ES,"Apple iPhone SE 2a Generación, 128GB, Negro (Reacondicionado)",15900.0,0,,0
ES,Apple iPhone 15 Pro MAX 256 GB - Azul Titanio (Reacondicionado),95399.0,0,,0
ES,Apple iPhone 14 Pro 256GB - Plata (Reacondicionado),68800.0,0,,0
ES,Apple iPhone 15 Pro (256 GB) - Titanio Azul,,0,,0
ES,Apple iPhone 16 Pro MAX 256GB White Titanium,1.33,0,,0
ES,"iPhone 14 Pro MAX 128GB, Morado Oscuro (Reacondicionado)",72921.0,0,,0
ES,Apple iPhone 15 Plus 128 GB - Azul (Reacondicionado),72921.0,0,,0
ES,"Apple iPhone 13, 256GB, Azul (Reacondicionado)",40957.0,0,,0
ES,"Apple iPhone 12 Pro Max, 128GB, Azul Pacifico - (Reacondicionado)",41100.0,0,,0
ES,"Apple iPhone 13, 256GB - Verde (Reacondicionado)",46759.0,0,,0
ES,"Apple iPhone 13 Mini, 128GB, Mitternacht - (Generalüberholt)",38740.0,0,,0
ES,"Apple iPhone 12 Pro Max, 128GB, Oro - (Reacondicionado)",42900.0,0,,0
ES,Apple iPhone 11 Pro Max 64GB - Verde Noche - Desbloqueado (Reacondicionado),30400.0,0,,0
ES,Nothing Phone (2a) 12+256GB - Smartphone con Nothing OS 2.5 - Blanco Roto,25900.0,50,,0
ES,Apple iPhone 14 Plus (128 GB) - Azul,72100.0,0,,0
ES,"Apple iPhone 11 Pro, 256GB, Plata (Reacondicionado)",32454.0,0,,0
JP,【整備済み品】 Apple iPhone 12 128GB ブルー SIMフリー (整備済み品),36036.0,0,3.7,833
JP,Apple iPhone 16 (128 GB) - ティール + 2年延長 AppleCare+ for iPhone 16,,0,4.3,283
JP,【整備済み品】Apple iPhone 16 128GB ウルトラマリン SIMフリー 5G対応,,0,5.0,1
JP,ソニー Xperia 10V ブラック SIMフリースマホ XQ-DC44 B 【日本正規代理店品】,,0,4.1,67
JP,Xiaomi POCO F6 Pro 12GB+256GB 日本語版 Simフリー スマートフォン Qualcomm Snapdragon 8 Gen 2搭載 120Hz 有機ELディスプレイ 120W Xiaomiハイパーチャージ ブラック,59980.0,6001,4.4,264
JP,【2025正規MFi認証品】i-Phone 充電ケーブル ライトニングケーブル 純正品質【1M/2M 各２本】充電器 ケーブル 2.4A急速充電 USB 充電コード 高速データ転送 断線防止 高耐久 i-Phone 14/14 Pro/13/13 Pro/12/11/X/8/8plus/7/6/iPad 各種対応,898.0,91,4.7,1875
JP,"Galaxy Z Flip6 ｜512GB｜シルバーシャドウ｜Galaxy AI対応｜SIMフリー スマホ 本体 端末｜Samsung純正 国内正規品｜折りたたみAIフォン｜FeliCa対応｜メインディスプレイ7.6インチ｜バッテリー 4,000mAh｜SM-F741QZSESJP",151045.0,15101,3.5,20
JP,【専用アプリ不要 データ移行簡単】４in1 iPhone対応 USBメモリ アプリ不要 128GB データ 高速 バックアップ 写真保存 外付け USB iOS/Type-C/USB/Micro usb搭載 iPad対応 usbメモリー スライド式 スマホ/PC/iPad対応 容量不足解消 ピンク Phone 15/14Pro/12 Pro Max/SE/8 Plus/Pad/タイプc機種対応,2299.0,45,4.6,224
JP,"Galaxy Z Fold6｜512GB｜シルバーシャドウ｜Galaxy AI対応｜SIMフリー スマホ 本体 端末｜Samsung純正 国内正規品｜折りたたみAIフォン｜FeliCa対応｜メインディスプレイ7.6インチ｜バッテリー 4,400mA｜SM-F956QZSESJP",,0,3.8,11
JP,Apple Gift Card (Eメール送信)— App Store、iTunes、iPhone、iPad、AirPods、MacBook、アクセサリなどの購入に利用できます。,1000.0,0,4.4,5112
JP,"Samsung Galaxy S25 512GB｜シルバー シャドウ｜Galaxy AI対応｜SIMフリースマホ 本体 端末｜FeliCa対応｜Samsung純正 国内正規品｜6.2インチ｜軽量162g｜IP68防水防塵｜フルHD+｜バッテリー 4,000mAh｜SM-S931QZSFSJP",147000.0,14701,4.3,7
JP,"Galaxy Z Flip6 ｜256GB｜シルバーシャドウ｜Galaxy AI対応｜SIMフリー スマホ 本体 端末｜Samsung純正 国内正規品｜｜折りたたみAIフォン｜FeliCa対応｜メインディスプレイ6.7インチ｜バッテリー 4,000mAh｜SM-F741QZSASJP",135744.0,13571,3.5,20
JP,シャオミ(Xiaomi) SIMフリー スマートフォン Xiaomi 15 Ultra 16GB+512GB 日本語版 【期間限定 同時購入でフォトグラフィーキット無料】 Snapdragon 8 Elite Mobile Platform ライカ1インチメインカメラ 2億画素超望遠 ブラック,179800.0,17981,3.0,7
JP,TORRAS iPhone 16 Pro Max 用 ガラスフィルム 航空宇宙用材料 米軍規格 全面保護 強化極細黒縁 9H越え 貼り付け超簡単 指紋防止 さらさら 2枚 6.9インチ アイフォン16プロマックス 用 保護フィルム GlassGo Ultra,3880.0,782,4.5,11468
JP,iPhone 充電器 純正 20W PD 急速充電器 [2個セット/Apple MFi・PSE認定] USB C - Lightning ケーブル 2m付き Type C スマホ 電源アダプター タイプC アイフォン充電器 iPhone14/13/12/11/X/XS/XR/8/7/SEシリーズiPhone/iPad/AirPods その他USB-C機器対応,1689.0,171,4.5,355
JP,イヤホン【MFi認証品】有線「2025極上の新設計」iphone 純正 HiFi音質 通話可能 イヤホンマイク 快適な装着感 人間工学 絡み防止 有線 遅延なし 重低音 マイク付き 騒音低減 ハンズフリー通話 リモコン付き クリア通話 カナル型 小型·軽量 防水防汗 iphone用アップル 通勤/仕事/ZOOM/Skype/ランニング iPhone/iPad/iPod/Siri対応,1899.0,45,4.1,3648
JP,タッチペン【2025 アップグレード版 全機種対応】binoa スタイラスペン 超高感度 耐久性 誤ON&OFF防止 磁気吸着対応 type-C急速充電 電量表示 極細 12g超軽量 3つ交換用ペン先付き Pad・Phone・Android・スマホ・タブレット対応 「日本語取扱説明書付き」,1999.0,0,4.2,12528
JP,AirPlay、画面ミラーリング、キャストアプリ、Apple iPhone iPad Mac iOS ディスプレイミラーリング、画面共有、音声ビデオストリーミング、Spotify YouTube をサポート、無料トライアル | FireMirror,0.0,0,3.8,0
JP,for iPhone-充電器-純正 20W PD 急速充電【2個セット＆2本USB-C Lighnting ケーブル 2M】MFi・PSE認証済み アイフォン充電器 iPhone14/13/12/11/X/XS/XR/8/7/SEシリーズ PD3.0 タイプC充電器for iPad/iPhone/AirPods その他USB-C機器対応,1689.0,171,4.1,323
JP,TUCCH iphone16 対応 ケース 手帳型 アイフォーン16カバー カード収納 キックスタンド機能 [RFIDブロッキング] PU合皮 TPU素材 耐衝撃 全面保護 あいほん16携帯カバー アイホン16スマホケース 2024年発売 6.1インチ アイフォ16 対応 レイクブルー,2299.0,231,4.0,72
JP,CASETiFY インパクトケース iPhone 11 Pro - Below 30 Degrees - クリア ブラック,4840.0,481,4.6,1472
JP,TORRAS iPhone 16e 用 ケース【動画視聴ベストケース】多機能一体360°回転スタンド 2025 半透明 耐衝撃 マット感 黄ばみなし レンズ保護 ストラップホール付き magsafe対応 ワイヤレス充電対応 iphone 16e 用カバー 6.1インチ「Ostand R Fitness」（マットブラック）,5423.0,541,4.4,52
JP,【専用アプリ不要】４in1 iPhone対応 USBメモリ 128GB アプリ不要 高速 バックアップ iPad対応 usbメモリー 写真保存 スライド式 iOS/Type-C/USB/Micro USB搭載 データ移行 外付けUSB スマホ/PC/iPad対応 容量不足解消 ブルー Phone 16/15/14 Pro/13/12 /SE/iPad Air/Pro各種対応,2399.0,241,4.3,992
JP,【2025新版】Phone イヤホン 有線 イヤフォン イヤホン 重低音 マイク付き 通話対応 音量調整 ヘッドホン コンパクト Phone14/13/12/11/SE/X/XS/XR/XS Max/8/8P/7/7P/Pad/Pod対応,790.0,81,4.8,162
JP,NIMASO ガラスフィルム iPhone 16 / iPhone 15 用 強化ガラス 自動除塵 保護フィルム 超簡単貼り付け 耐衝撃 指紋防止 ガイド枠付き 2枚セット アイフォン16 / アイフォン15 対応（6.1インチ） DSP24G1351,1519.0,151,4.3,28827
JP,MINIKA 360度 覗き見防止フィルム iPhone 15 Pro ガラスフィルム 覗き見防止 360 アイフォン15プロ フィルム 360° 全方向 覗き見 いPhone15 Pro 保護フィルム 覗き見防止フィルター iPhone 15Pro 用 強化ガラス 画面保護 シート 【プライバシー/のぞき見防止/上下左右 見えない 】 iPhone15Pro カメラフィルム 付き,1683.0,171,4.3,2154
JP,CASETiFY コンパクト iPhone 15 ケース [MIL規格準拠 (2x MIL-STD-810G) / 1.2mからの落下テストをクリア] - Ditsy Daisies - White - クリア ブラック,5932.0,591,4.2,96
JP,【黒縁・HD光沢】SmartDevil iPhone SE3 用/iPhone SE2 用/iPhone 8 7 6 6s ガラスフィルム 2枚 貼りやすい 超簡単 指紋防止 浮き/気泡なし 超スムースタッチ 全面保護 超9H耐衝撃 落下保護 強化ガラス アイフォンSE2/ SE3 対応(4.7インチ)「画期的なガイド枠」,1680.0,171,4.1,123
JP,Rssviss iPhone 16e 用 ケース 手帳型 iPhone 16e 専用 カバー 手帳型 iPhone 16e 用 手帳型 ケース スタンド機能 iPhone 16e 専用 ケース 手帳 マグネット付き 携帯ケース 手帳型 iPhone 16e カード収納 iPhone 16e(2025) 6.1 inch W1 ダークブルー,1880.0,382,4.4,26
JP,ガラスザムライ iPhone 16e 用 ガラスフィルム 覗き見防止 硬度 10H 日本製素材 強化ガラス 保護フィルム 米軍MIL規格 422-nzb,1380.0,141,4.3,210
JP,【2025必見！4in1多機能満載】CASEKOO iPhone 15 用 ケース 超強磁力 米軍MIL規格 耐衝撃 MagSafe対応高耐久性 隠しスタンド 横縦両立指紋防止 マット仕上げ 黄変防止 薄型半透明 スマホケース ストラップホール付き ワイヤレス充電対応 アイフォン15用 ケース（ブラック）,5420.0,541,4.3,7049
JP,PD USB充電器 65W GaN Type C 急速充電器 高速充電器 PD対応 USB-C×2 & USB A 3ポートGaN(窒化ガリウム) 折りたたみ式プラグ PSE技術基準適合 iPhone/Android/iPad/MacBook/ノートパソコン各種対応 その他USB-C/USB-A機器対応,2999.0,301,4.4,1204
JP,"Music Player for Fire TV Tablet, Play Apple Music Spotify from iPhone iPad with AirPlay, Online iOS Music Streaming, Podcast Player, Free | FireMusic",0.0,0,3.2,0
JP,【整備済み品】 Apple iPhone 14 128GB ブルー SIMフリー 5G対応 (整備済み品),,0,3.6,115
JP,【整備済み品】 Apple iPhone 13 256GB ピンク SIMフリー (整備済み品),,0,3.7,458
JP,【整備済み品】 Apple iPhone 15 128GB ブルー SIMフリー 5G対応 (整備済み品),113000.0,11301,3.5,25
JP,【整備済み品】 Apple iPhone 14 Pro 256GB スペースブラック SIMフリー 5G対応 (整備済み品),103800.0,10381,3.7,124
JP,【整備済み品】 Apple iPhone 14 Plus 128GB パープル SIMフリー 5G対応 (整備済み品),,0,4.0,194
JP,【整備済み品】 Apple iPhone 15 Pro 512GB ブルー チタニウム SIMフリー 5G対応 (整備済み品),170000.0,0,3.5,27
JP,【整備済み品】 Apple iPhone 13 Pro 128GB ゴールド SIMフリー (整備済み品),78000.0,7801,3.9,232
JP,【整備済み品】Apple iPhone 13 mini 512GB スターライト SIMフリー,,0,3.6,522
JP,【整備済み品】 Apple iPhone 14 Pro Max 128GB ディープパープル SIMフリー 5G対応 (整備済み品),,0,3.8,73
JP,【整備済み品】 Apple iPhone 13 Pro Max 256GB グラファイト SIMフリー (整備済み品),89700.0,8971,3.7,18
JP,【整備済み品】Apple iPhone 16 Pro 128GB デザートチタニウム SIMフリー 5G対応,,0,2.0,2
JP,【新型ゼンマイ式 ・高級ミルクティー】TORRAS iPhone 16 Pro 用 ケース ゼンマイ式スタンド縦横両対応 リング マグネット搭載 MagSafe対応 ワイヤレス充電対応 米軍規格耐衝撃 指紋防止 黄変防止 マグセーフ対応 6.3インチ「Ostand Spin Fusion」ミルクティー・デザートチタニウム,6631.0,661,4.2,310
JP,【専用アプリ不要 アルバム整理簡単】Phone用USBメモリ 4in1 USBメモリ256GB phone用外付けメモリ 高速USB3.0 タイプc usbメモリー IOS/Android/PC/Macに対応 phone兼用 バックアップ アプリ不要 スマホ usbメモリ phone 写真データ保存 スマホ容量不足解消 写真画像撮り放題(ライトブルー),3798.0,381,4.6,318
JP,【極々透明美学・耐黄変2年実証】CASEKOO iPhone 16 用 ケース クリア 米軍MIL規格 透明 黄変防止 耐衝撃 高耐久性 ストラップホール付き ワイヤレス充電対応 あいふおん16用ケース 6.1 インチ「KORI」(クリア),2599.0,261,4.3,42155
JP,【デザイン受賞シリーズ！】ESR iPhone 16 Pro ケース Magsafe対応 米軍MIL規格の保護 耐黄変 耐衝撃 隠れスタンド いPhone16Pro ケース スマホケース 傷防止背面 iPhone16 Pro ケース対応 アイフォン 16 プロ対応 いphone16 Pro ケース 対応 Classicシリーズ ブラック,2499.0,251,4.3,15161
JP,Bokman For iPhone SE2022（第3世代）液晶パネル LCD ディスプレイ画面交換修理キット 修理工具+画面保護フィルム付属 黒 4.7インチ,3980.0,401,4.0,11491
JP,iPhone 16e ケース ペールパープル 耐衝撃 ガラスフィルム付き アイフォン 16e ケース 米軍MIL規格 耐久性 iPhone16Eケース 黄ばみ防止 アイホン16Eケース ワイヤレス充電対応 あいほん16Eケース SGS認証 スマホケース あいふぉん16E カバー 6.1インチ 透明 ストラップホール付き gogorelax,1799.0,0,4.5,549
JP,SmallRig x Brandon Li iPhone 16 Pro用スマホビデオキット FilMov軽量スマホケースキット付きスマホケージ 回転式ワイヤレスQRハンドル 67MM磁気VNDフィルターキット MagSafeサポート スマートフォンビデオ撮影キット 5002,29890.0,5982,2.9,2
JP,「画期的なガイド枠」SmartDevil ガラスフィルム iPhone 16e/14/13 Pro/13用 保護フィルム 超簡単貼り付け 米軍MIL規格 落下保護 気泡ゼロ 滑らかな手触り 指紋防止 アイフォン16e/14/13/13プロ用 強化ガラス 2枚セット,1650.0,171,4.2,2810
JP,Replica: iOSからFire TVへの画面ミラーリング,0.0,0,2.8,0
JP,Vackiit「Apple MFi認証取得」iPhone用 usbメモリusb iphone対応 Lightning USB iPhone用 メモリー iPad用 フラッシュドライブ usbメモリ lightningコネクタ搭載 外付 容量不足解消iPhone/ iPad/ iPod/Win /Mac兼用iPad Air/mini/ iPhone 14/14 pro/13/13 pro/13 mini//12/12 pro/12 mini/11/11 Pro/ X対応 256GB　銀,6825.0,0,4.4,546
JP,OAproda iPhone 16Pro/16ProMax/15Pro/15ProMax/14Pro 用 カメラ保護 フィルム 【アルミ合金+強化ガラス】 9H 耐衝撃 カメラカバー 黒縁 露出オーバー防止 曇りなし 粘着性強い 貼りやすい（ブラック）,1614.0,161,4.2,471
JP,【Apple mfi認証済1024GB iPhone16対応】iDiskk iPhone外付けハードドライブ 1TB 2.5インチ外部hdd フラッシュドライブメモリ【Lightning+Type-C+USB 3本ケーブル本体に付き】iPhone/iPad/Mac/PC/Androidなど対応高互換性プラグ&プレイ ワンクリック自動バックアップ携帯スペース解放 スマホストレージ拡張 容量不足解消,15919.0,1591,3.8,239
JP,iPhone & iOS Wallpapers,0.0,0,,0
JP,Apple MagSafe対応iPhone 15 Plusファインウーブンケース - トープ ​​​​​​​,9980.0,0,3.8,138
JP,Briacicell 【ブルーライトカット】 For iPhone 16E ガラスフィルム + いphone16e カメラフィルム + ガイド枠付き【目の疲れ軽減】アイフォン16E フィルム【2+2 枚セット】iPhone 16E 強化ガラス 液晶保護フィルム 硬度9H 耐衝撃 飛散防止 貼り付け簡単 超薄 気泡ゼロ 高感度 撥油性 指紋防止 超耐久,999.0,0,4.4,264
JP,iPhone Wallpapers,0.0,0,,0
NL,Apple iPhone 14 (256 GB) - Blauw,66000.0,0,,181
NL,Apple iPhone 15 (128 GB) - zwart,74900.0,0,,4585
NL,"iPhone 16e 128 GB: Gemaakt voor Apple Intelligence, A18-chip, buitengewone batterijduur, 48-MP Fusion-camera, 6,1‑inch Super Retina XDR‑display; Zwart",66800.0,0,,28
NL,Apple iPhone 12 128GB - Zwart (Refurbished),28397.0,0,,11453
NL,Apple iPhone 16 Pro Max (256 GB) - Zwart titanium,1.328,0,,730
NL,"Apple iPhone 13, 128GB, Middernacht (Refurbished)",33900.0,0,,2958
NL,Apple iPhone 16 (128 GB) - Blauwgroen,83900.0,0,,576
NL,"Apple iPhone 11, 64GB, Zwart (Refurbished)",19600.0,0,,12718
NL,iPhone SE 2nd generation (64 GB) - Zwart (Renewed),13300.0,0,,8167
NL,Apple iPhone 12 Mini 128GB - Blauw (Refurbished),24300.0,0,,2552
NL,"Apple iPhone 12 Pro, 128GB, Graphite (Renewed)",38789.0,0,,6440
NL,"Apple iPhone XR, 64GB, zwart (Refurbished)",15900.0,0,,2218
NL,Apple iPhone 12 mini (64GB) - Blauw (Renewed),24300.0,0,,4184
NL,APPLE IPHONE 16 PRO 128GB DESERT TITANIUM MYNF3QL/A,1.17,0,,58
NL,APPLE IPHONE 16 PRO MAX 256GB BLACK TITANIUM MYWV3QL/A,1.42,0,,147
NL,Apple iPhone 14 (128 GB) - Middernacht,,0,,2537
NL,Apple iPhone 16 Pro (256 GB) - Zwart titanium,1.213,0,,734
NL,"Apple iPhone 13, 128 GB, zwart (Middernacht), refurbished",33701.0,0,,338
NL,Apple iPhone 14 128GB - Zwart (Refurbished),45700.0,0,,240
NL,Apple iPhone 14 (256 GB) - geel,65500.0,0,,24
NL,Apple iPhone 13 Mini 128GB - Zwart (Refurbished),33999.0,0,,649
NL,"Apple iPhone XR, 64GB, Black (Renewed)",18289.0,0,,2597
NL,"Apple iPhone 14 Pro, 128GB, Spacezwart (Refurbished)",62499.0,0,,165
NL,Apple iPhone 14 Pro Max (128GB) - Paars (Refurbished),72900.0,0,,208
NL,"Apple iPhone 11 Pro, 64GB, Spacegrijs (Refurbished)",25500.0,0,,4567
NL,Apple iPhone 14 128GB - Blauw (Refurbished),45400.0,0,,151
NL,"Apple iPhone SE 3e Gen 64GB, Middernacht (Refurbished)",25700.0,0,,507
NL,Apple iPhone 14 128GB - Wit (Refurbished),45700.0,0,,85
NL,Apple iPhone 15 Pro 128GB - Blauw Titanium (Refurbished),88000.0,0,,354
NL,iPhone 13 Pro 128 Go graphite (Refurbished),47699.0,0,,93
NL,Apple iPhone X 256GB zilver (gereviseerd),25900.0,0,,42
NL,"Apple, iPhone 5S smartphone, display 10,2 cm (4 inch), 64 GB geheugen, iOS 7, goud, 32 GB, spacegrijs (Refurbished)",5800.0,0,,0
NL,"Apple iPhone 8 , 64GB, Space grijs (Refurbished)",12100.0,0,,7
NL,"Apple, iPhone 5S smartphone, display 10,2 cm (4 inch), 64 GB geheugen, iOS 7, goud, 16 GB, zilver (Refurbished)",4700.0,0,,0
NL,"Apple iPhone 13 Pro, 256GB, Graphite (Refurbished)",52500.0,0,,21
NL,Apple iPhone 15 Plus (128 GB) - zwart,87200.0,0,,1210
NL,"Apple iPhone XS, 64GB, Space grijs (Refurbished)",18700.0,0,,1870
NL,"Apple iPhone XR , 128GB, rood (Refurbished)",20999.0,0,,721
NL,Apple iPhone 16 Plus (128 GB) - Roze,99900.0,0,,166
NL,Apple 2022 iPhone SE (64 GB) - Middernacht (3e generatie),,0,,1550
NL,"Apple iPhone XR, 64GB, rood (Refurbished)",18600.0,0,,1611
NL,"Apple iPhone 12 Pro Max, 256GB, Pacific Blue (Renewed)",46200.0,0,,4026
NL,APPLE IPHONE XR 128 GO (Refurbished),23189.0,0,,1208
NL,"Apple iPhone XS, 64GB, goud (Refurbished)",21499.0,0,,1107
NL,iPhone 13 Mini 128GB Roze (Refurbished),34600.0,0,,35
NL,"Apple iPhone XS, 256GB, zilver (Refurbished)",23499.0,0,,499
NL,Apple iPhone 11 Pro Max 256GB - Space Grey (Refurbished),37100.0,0,,2315
NL,iPhone 13 256 Go bleu (Refurbished),39900.0,0,,30
